,CNTY_FIPS,STATE_FIPS,COUNTY_NAME,STATE_NAME,2020-05-24
0,13,4,Maricopa,Arizona,0.5338557838709678
1,19,4,Pima,Arizona,0.5114194375
2,19,6,Fresno,California,0.5551668285714285
3,9,9,New Haven,Connecticut,0.5378561125
4,3,10,New Castle,Delaware,0.51746995
5,1,11,District of Columbia,District of Columbia,0.7260657857142857
6,1,12,Alachua,Florida,0.8237211
7,1,16,Ada,Idaho,0.5024807
8,17,22,Caddo,Louisiana,0.5811267666666666
9,121,28,Rankin,Mississippi,0.2963239
10,19,29,Boone,Missouri,
11,1,35,Bernalillo,New Mexico,
12,1,36,Albany,New York,
13,5,36,Bronx,New York,
14,17,38,Cass,North Dakota,
15,19,41,Douglas,Oregon,
16,3,42,Allegheny,Pennsylvania,
17,1,1,Autauga,Alabama,0.6231133
18,3,1,Baldwin,Alabama,0.5275925
19,5,1,Barbour,Alabama,0.4306397
20,7,1,Bibb,Alabama,0.4309041
21,9,1,Blount,Alabama,0.4990685
22,11,1,Bullock,Alabama,0.2128767
23,13,1,Butler,Alabama,0.1871108
24,15,1,Calhoun,Alabama,0.38494405
25,17,1,Chambers,Alabama,0.3987265
26,19,1,Cherokee,Alabama,0.2425316
27,25,1,Clarke,Alabama,0.2897847
28,27,1,Clay,Alabama,0.2806433
29,31,1,Coffee,Alabama,0.2380518
30,33,1,Colbert,Alabama,0.25578515
31,35,1,Conecuh,Alabama,0.2938356
32,39,1,Covington,Alabama,0.3200099
33,41,1,Crenshaw,Alabama,0.1260274
34,43,1,Cullman,Alabama,0.5081719
35,45,1,Dale,Alabama,0.2649351
36,47,1,Dallas,Alabama,0.4045997
37,49,1,DeKalb,Alabama,0.2922186
38,51,1,Elmore,Alabama,0.2959701
39,53,1,Escambia,Alabama,0.34572695
40,55,1,Etowah,Alabama,0.4989158
41,57,1,Fayette,Alabama,0.2337291
42,59,1,Franklin,Alabama,0.33211515
43,61,1,Geneva,Alabama,0.1314318
44,63,1,Greene,Alabama,0.2416438
45,65,1,Hale,Alabama,0.2608611
46,69,1,Houston,Alabama,0.70284005
47,71,1,Jackson,Alabama,0.628269
48,73,1,Jefferson,Alabama,0.5824452275
49,77,1,Lauderdale,Alabama,0.5574446
50,79,1,Lawrence,Alabama,0.1513221
51,81,1,Lee,Alabama,0.6881019
52,83,1,Limestone,Alabama,0.5184309
53,89,1,Madison,Alabama,0.6457744
54,91,1,Marengo,Alabama,0.3664569
55,93,1,Marion,Alabama,0.19689410000000002
56,95,1,Marshall,Alabama,0.4351195
57,97,1,Mobile,Alabama,0.6945453400000001
58,99,1,Monroe,Alabama,0.1164663
59,101,1,Montgomery,Alabama,0.6812181333333333
60,103,1,Morgan,Alabama,0.498951
61,109,1,Pike,Alabama,0.1839571
62,113,1,Russell,Alabama,0.3893326
63,115,1,St. Clair,Alabama,0.5863699
64,117,1,Shelby,Alabama,0.5424141
65,119,1,Sumter,Alabama,0.4533001
66,121,1,Talladega,Alabama,0.23312614999999998
67,123,1,Tallapoosa,Alabama,0.27772891
68,125,1,Tuscaloosa,Alabama,0.7311095
69,127,1,Walker,Alabama,0.2874859
70,129,1,Washington,Alabama,0.4317808
71,131,1,Wilcox,Alabama,0.06575342
72,133,1,Winston,Alabama,0.2830305
73,20,2,Anchorage,Alaska,0.6377709666666667
74,50,2,Bethel,Alaska,0.3999194
75,11,23,Kennebec,Maine,0.5923958
76,90,2,Fairbanks North Star,Alaska,0.3954637
77,110,2,Juneau,Alaska,0.3659665
78,122,2,Kenai Peninsula,Alaska,0.40602616666666663
79,130,2,Ketchikan Gateway,Alaska,0.3824657
80,510,24,Baltimore City,Maryland,0.6950369916666665
81,150,2,Kodiak Island,Alaska,0.2001142
82,170,2,Matanuska-Susitna,Alaska,0.6692706
83,180,2,Nome,Alaska,0.4016743
84,220,2,Sitka,Alaska,0.3386098
85,275,2,Wrangell,Alaska,0.2875683
86,15,25,Hampshire,Massachusetts,0.5408405
87,17,25,Middlesex,Massachusetts,0.5533750636363637
88,1,4,Apache,Arizona,0.256615225
89,3,4,Cochise,Arizona,0.26197759499999995
90,5,4,Coconino,Arizona,0.35742599999999997
91,9,4,Graham,Arizona,0.3044276
92,7,4,Gila,Arizona,0.47632335000000003
93,12,4,La Paz,Arizona,0.3566027
94,15,4,Mohave,Arizona,0.396385
95,17,4,Navajo,Arizona,0.31248405
96,21,4,Pinal,Arizona,0.4147868
97,23,4,Santa Cruz,Arizona,0.2758356
98,25,4,Yavapai,Arizona,0.5209351
99,27,4,Yuma,Arizona,0.4097375
100,1,5,Arkansas,Arkansas,0.13983225
101,3,5,Ashley,Arkansas,0.4038356
102,5,5,Baxter,Arkansas,0.514519
103,7,5,Benton,Arkansas,0.5318978666666667
104,9,5,Boone,Arkansas,0.1958676
105,11,5,Bradley,Arkansas,0.2269589
106,15,5,Carroll,Arkansas,0.1509041
107,17,5,Chicot,Arkansas,0.3662466
108,19,5,Clark,Arkansas,0.4367123
109,21,5,Clay,Arkansas,0.4965479
110,23,5,Cleburne,Arkansas,0.3597808
111,27,5,Columbia,Arkansas,0.2627397
112,7,44,Providence,Rhode Island,
113,29,5,Conway,Arkansas,0.3151781
114,31,5,Craighead,Arkansas,0.6938079500000001
115,33,5,Crawford,Arkansas,0.2819549
116,37,5,Cross,Arkansas,0.5652968
117,39,5,Dallas,Arkansas,0.08941469
118,41,5,Desha,Arkansas,0.2570411
119,43,5,Drew,Arkansas,0.4040257
120,45,5,Faulkner,Arkansas,0.5522026
121,47,5,Franklin,Arkansas,0.1079452
122,51,5,Garland,Arkansas,0.4196179420000001
123,55,5,Greene,Arkansas,0.2851478
124,57,5,Hempstead,Arkansas,0.09249642
125,59,5,Hot Spring,Arkansas,0.3955908
126,19,45,Charleston,South Carolina,
127,61,5,Howard,Arkansas,0.2920548
128,63,5,Independence,Arkansas,0.4369416
129,69,5,Jefferson,Arkansas,0.4320477
130,71,5,Johnson,Arkansas,0.2152367
131,75,5,Lawrence,Arkansas,0.3027624
132,83,5,Logan,Arkansas,0.17571345
133,93,5,Mississippi,Arkansas,0.23395929999999998
134,103,5,Ouachita,Arkansas,0.148575
135,107,5,Phillips,Arkansas,0.09517851
136,113,5,Polk,Arkansas,0.2840628
137,115,5,Pope,Arkansas,0.4077792
138,119,5,Pulaski,Arkansas,0.59544555
139,121,5,Randolph,Arkansas,0.1769689
140,123,5,St. Francis,Arkansas,0.2827789
141,125,5,Saline,Arkansas,0.3826343
142,127,5,Scott,Arkansas,0.1347032
143,131,5,Sebastian,Arkansas,0.5925603500000001
144,137,5,Stone,Arkansas,0.2076712
145,139,5,Union,Arkansas,0.3255254
146,141,5,Van Buren,Arkansas,0.5206575
147,143,5,Washington,Arkansas,0.4592658333333333
148,145,5,White,Arkansas,0.5826611
149,149,5,Yell,Arkansas,0.3381129
150,1,6,Alameda,California,0.5712089333333332
151,5,6,Amador,California,0.4705479
152,7,6,Butte,California,0.8233217500000001
153,9,6,Calaveras,California,0.3442192
154,13,6,Contra Costa,California,0.539469557142857
155,15,6,Del Norte,California,0.518019
156,17,6,El Dorado,California,0.4032612
157,21,6,Glenn,California,1.0
158,23,6,Humboldt,California,0.48459617499999996
159,3,54,Berkeley,West Virginia,
160,25,6,Imperial,California,0.4177771
161,27,6,Inyo,California,0.24246574999999998
162,29,6,Kern,California,0.45974646000000013
163,31,6,Kings,California,0.5143895
164,33,6,Lake,California,0.6569315
165,35,6,Lassen,California,0.3563836
166,37,6,Los Angeles,California,0.5404071115384614
167,39,6,Madera,California,0.3606875
168,41,6,Marin,California,0.39279386666666666
169,43,6,Mariposa,California,0.7095891
170,45,6,Mendocino,California,0.615105
171,47,6,Merced,California,0.4546866
172,49,6,Modoc,California,0.2589041
173,53,6,Monterey,California,0.54064665
174,55,6,Napa,California,0.48546140000000004
175,57,6,Nevada,California,0.536
176,59,6,Orange,California,0.48927052380952385
177,61,6,Placer,California,0.57933485
178,63,6,Plumas,California,0.3045733666666666
179,65,6,Riverside,California,0.4767217769230769
180,67,6,Sacramento,California,0.620505925
181,69,6,San Benito,California,0.3344702
182,71,6,San Bernardino,California,0.48225011764705883
183,73,6,San Diego,California,0.5899024999999999
184,75,6,San Francisco,California,0.4356946611111111
185,77,6,San Joaquin,California,0.49704462857142856
186,79,6,San Luis Obispo,California,0.415271
187,81,6,San Mateo,California,0.3620879814285714
188,83,6,Santa Barbara,California,0.41079755999999995
189,85,6,Santa Clara,California,0.59066185
190,87,6,Santa Cruz,California,0.4065330333333333
191,89,6,Shasta,California,0.337571405
192,93,6,Siskiyou,California,0.4168767
193,95,6,Solano,California,0.5010922666666667
194,97,6,Sonoma,California,0.41998908571428567
195,99,6,Stanislaus,California,0.41472872
196,101,6,Sutter,California,0.2258317
197,103,6,Tehama,California,0.5535365
198,105,6,Trinity,California,0.2373699
199,107,6,Tulare,California,0.44418955666666665
200,109,6,Tuolumne,California,0.506882
201,111,6,Ventura,California,0.5134645571428572
202,113,6,Yolo,California,0.4755855
203,115,6,Yuba,California,0.7073475
204,1,8,Adams,Colorado,0.58607424
205,3,8,Alamosa,Colorado,0.3779145
206,5,8,Arapahoe,Colorado,0.6995520000000001
207,35,8,Douglas,Colorado,0.5052066000000001
208,7,8,Archuleta,Colorado,0.2956413
209,13,8,Boulder,Colorado,0.4773872333333333
210,15,8,Chaffee,Colorado,0.4101918
211,17,8,Cheyenne,Colorado,0.05678705
212,29,8,Delta,Colorado,0.273693
213,31,8,Denver,Colorado,0.4826607216666667
214,59,8,Jefferson,Colorado,0.6670877500000001
215,37,8,Eagle,Colorado,0.2490705
216,41,8,El Paso,Colorado,0.6202245
217,43,8,Fremont,Colorado,0.5951781
218,45,8,Garfield,Colorado,0.6188997
219,51,8,Gunnison,Colorado,0.2334247
220,55,8,Huerfano,Colorado,0.1340753
221,63,8,Kit Carson,Colorado,0.2438356
222,65,8,Lake,Colorado,0.09486301
223,67,8,La Plata,Colorado,0.3255513
224,69,8,Larimer,Colorado,0.43154067500000004
225,71,8,Las Animas,Colorado,0.2870137
226,75,8,Logan,Colorado,0.3240548
227,77,8,Mesa,Colorado,0.46284435
228,81,8,Moffat,Colorado,0.3530959
229,83,8,Montezuma,Colorado,0.3845479
230,85,8,Montrose,Colorado,0.3665206
231,87,8,Morgan,Colorado,0.15463925
232,89,8,Otero,Colorado,0.4908219
233,95,8,Phillips,Colorado,0.1926941
234,97,8,Pitkin,Colorado,0.2545753
235,99,8,Prowers,Colorado,0.3273425
236,101,8,Pueblo,Colorado,0.5986358
237,103,8,Rio Blanco,Colorado,0.48021915
238,105,8,Rio Grande,Colorado,0.396938
239,107,8,Routt,Colorado,0.2238145
240,117,8,Summit,Colorado,0.2525383
241,119,8,Teller,Colorado,0.2946119
242,123,8,Weld,Colorado,0.5236773
243,125,8,Yuma,Colorado,0.18570204999999998
244,1,9,Fairfield,Connecticut,0.6150702
245,3,9,Hartford,Connecticut,0.560488436625
246,5,9,Litchfield,Connecticut,0.39745575
247,7,9,Middlesex,Connecticut,0.6242034
248,11,9,New London,Connecticut,0.67853295
249,13,9,Tolland,Connecticut,0.3915439
250,15,9,Windham,Connecticut,0.5183878
251,1,10,Kent,Delaware,0.68772
252,5,10,Sussex,Delaware,0.58499725
253,5,12,Bay,Florida,0.62572785
254,7,12,Bradford,Florida,0.445589
255,9,12,Brevard,Florida,0.44956328
256,11,12,Broward,Florida,0.5572817428571428
257,15,12,Charlotte,Florida,0.5070381333333334
258,17,12,Citrus,Florida,0.57031295
259,19,12,Clay,Florida,0.7889909
260,21,12,Collier,Florida,0.7058679
261,23,12,Columbia,Florida,0.48103405
262,27,12,DeSoto,Florida,0.1736092
263,31,12,Duval,Florida,0.6138763833333333
264,33,12,Escambia,Florida,0.6576607666666666
265,35,12,Flagler,Florida,0.9044694
266,39,12,Gadsden,Florida,0.197032
267,49,12,Hardee,Florida,0.9115617
268,51,12,Hendry,Florida,0.1251507
269,53,12,Hernando,Florida,0.6387830999999999
270,55,12,Highlands,Florida,0.48726165
271,57,12,Hillsborough,Florida,0.5509651
272,59,12,Holmes,Florida,0.4569863
273,61,12,Indian River,Florida,0.4798068
274,63,12,Jackson,Florida,0.5256953
275,119,12,Sumter,Florida,0.5834726
276,69,12,Lake,Florida,0.7056397333333333
277,71,12,Lee,Florida,0.6141186
278,73,12,Leon,Florida,0.7626599000000001
279,81,12,Manatee,Florida,0.6092576
280,83,12,Marion,Florida,0.68952215
281,85,12,Martin,Florida,0.6083033
282,86,12,Miami-Dade,Florida,0.49613813529411754
283,87,12,Monroe,Florida,0.15130225
284,89,12,Nassau,Florida,0.5542871
285,91,12,Okaloosa,Florida,0.5739008666666666
286,93,12,Okeechobee,Florida,0.4747123
287,95,12,Orange,Florida,0.6865599333333332
288,97,12,Osceola,Florida,0.6647965
289,99,12,Palm Beach,Florida,0.5535081076923076
290,101,12,Pasco,Florida,0.5899273
291,103,12,Pinellas,Florida,0.57528126
292,105,12,Polk,Florida,0.5069976
293,107,12,Putnam,Florida,0.6497579
294,109,12,St. Johns,Florida,0.4665549
295,111,12,St. Lucie,Florida,0.72432305
296,113,12,Santa Rosa,Florida,0.4599545
297,115,12,Sarasota,Florida,0.48420224999999995
298,117,12,Seminole,Florida,0.6636986
299,121,12,Suwannee,Florida,0.3880548
300,123,12,Taylor,Florida,0.1098173
301,127,12,Volusia,Florida,0.6489713800000001
302,131,12,Walton,Florida,0.3503659
303,133,12,Washington,Florida,0.5859726
304,1,13,Appling,Georgia,0.1991136
305,5,13,Bacon,Georgia,0.5176986
306,9,13,Baldwin,Georgia,0.3490358
307,13,13,Barrow,Georgia,0.2040607
308,15,13,Bartow,Georgia,0.7831472
309,17,13,Ben Hill,Georgia,0.2196918
310,19,13,Berrien,Georgia,0.03088907
311,21,13,Bibb,Georgia,0.6523845666666667
312,23,13,Bleckley,Georgia,0.8624657
313,27,13,Brooks,Georgia,0.5379726
314,31,13,Bulloch,Georgia,0.5295026
315,33,13,Burke,Georgia,0.07047945
316,35,13,Butts,Georgia,0.5220822
317,39,13,Camden,Georgia,0.454863
318,43,13,Candler,Georgia,0.3110137
319,45,13,Carroll,Georgia,0.74708525
320,47,13,Catoosa,Georgia,0.1076865
321,51,13,Chatham,Georgia,0.7163647000000001
322,121,13,Fulton,Georgia,0.6903707749999999
323,57,13,Cherokee,Georgia,0.9399269
324,59,13,Clarke,Georgia,0.6806315000000001
325,63,13,Clayton,Georgia,0.4850213
326,65,13,Clinch,Georgia,0.4679452
327,67,13,Cobb,Georgia,0.7397426
328,69,13,Coffee,Georgia,0.5279707
329,71,13,Colquitt,Georgia,0.82064995
330,75,13,Cook,Georgia,0.08875052
331,77,13,Coweta,Georgia,0.7850776
332,81,13,Crisp,Georgia,0.517471
333,87,13,Decatur,Georgia,0.1969521
334,89,13,DeKalb,Georgia,0.6623403
335,91,13,Dodge,Georgia,0.3632192
336,95,13,Dougherty,Georgia,0.6529287
337,97,13,Douglas,Georgia,0.6980661
338,99,13,Early,Georgia,0.3601096
339,103,13,Effingham,Georgia,0.2656438
340,105,13,Elbert,Georgia,0.1433087
341,107,13,Emanuel,Georgia,0.1993912
342,109,13,Evans,Georgia,0.06776629
343,111,13,Fannin,Georgia,0.1774794
344,113,13,Fayette,Georgia,0.812888
345,115,13,Floyd,Georgia,0.7021188
346,117,13,Forsyth,Georgia,0.7137998
347,119,13,Franklin,Georgia,0.3206458
348,127,13,Glynn,Georgia,0.5823653
349,129,13,Gordon,Georgia,0.6426444
350,131,13,Grady,Georgia,0.3038605
351,135,13,Gwinnett,Georgia,0.69721575
352,137,13,Habersham,Georgia,0.3001292
353,139,13,Hall,Georgia,0.8109336
354,143,13,Haralson,Georgia,0.823379
355,151,13,Henry,Georgia,0.7400327
356,153,13,Houston,Georgia,0.5850707
357,155,13,Irwin,Georgia,0.1204674
358,157,13,Jackson,Georgia,0.1227984
359,159,13,Jasper,Georgia,0.3194064
360,161,13,Jeff Davis,Georgia,0.3267945
361,163,13,Jefferson,Georgia,0.1250648
362,173,13,Lanier,Georgia,0.2397808
363,175,13,Laurens,Georgia,0.536136
364,179,13,Liberty,Georgia,0.299726
365,185,13,Lowndes,Georgia,0.6773306
366,189,13,McDuffie,Georgia,0.5899178
367,193,13,Macon,Georgia,0.02428393
368,199,13,Meriwether,Georgia,0.4962192
369,201,13,Miller,Georgia,0.8419726
370,205,13,Mitchell,Georgia,0.6071233
371,207,13,Monroe,Georgia,0.4507397
372,213,13,Murray,Georgia,0.1487955
373,215,13,Muscogee,Georgia,0.5265286666666666
374,217,13,Newton,Georgia,0.4860099
375,223,13,Paulding,Georgia,0.6907045
376,225,13,Peach,Georgia,0.7633973
377,227,13,Pickens,Georgia,0.6991043
378,233,13,Polk,Georgia,0.8453699
379,235,13,Pulaski,Georgia,0.1580075
380,133,13,Greene,Georgia,0.3837808
381,243,13,Randolph,Georgia,0.1620822
382,245,13,Richmond,Georgia,0.7057917000000001
383,247,13,Rockdale,Georgia,0.7580686
384,253,13,Seminole,Georgia,0.2298935
385,255,13,Spalding,Georgia,0.5782021
386,257,13,Stephens,Georgia,0.253943
387,261,13,Sumter,Georgia,0.5540335
388,275,13,Thomas,Georgia,0.6357619
389,277,13,Tift,Georgia,0.6376296
390,279,13,Toombs,Georgia,0.7694942
391,281,13,Towns,Georgia,0.3263562
392,285,13,Troup,Georgia,0.2930415
393,291,13,Union,Georgia,0.5016509
394,293,13,Upson,Georgia,0.3722878
395,297,13,Walton,Georgia,0.3311103
396,299,13,Ware,Georgia,0.5187078
397,303,13,Washington,Georgia,0.1178082
398,305,13,Wayne,Georgia,0.3786737
399,313,13,Whitfield,Georgia,0.4577691
400,317,13,Wilkes,Georgia,0.3903562
401,321,13,Worth,Georgia,0.4751781
402,1,15,Hawaii,Hawaii,0.5438009333333333
403,3,15,Honolulu,Hawaii,0.6109707875
404,7,15,Kauai,Hawaii,0.5906773
405,9,15,Maui,Hawaii,0.43208385999999993
406,5,16,Bannock,Idaho,0.5851815
407,13,16,Blaine,Idaho,0.3549589
408,17,16,Bonner,Idaho,0.4503014
409,19,16,Bonneville,Idaho,0.46698225
410,27,16,Canyon,Idaho,0.44905619999999996
411,31,16,Cassia,Idaho,0.3379607
412,55,16,Kootenai,Idaho,0.40752225
413,57,16,Latah,Idaho,0.4920548
414,59,16,Lemhi,Idaho,0.1768645
415,65,16,Madison,Idaho,0.2707013
416,69,16,Nez Perce,Idaho,0.3489521
417,83,16,Twin Falls,Idaho,0.5147026
418,1,17,Adams,Illinois,0.4892841
419,5,17,Bond,Illinois,0.3174658
420,11,17,Bureau,Illinois,0.31427525
421,19,17,Champaign,Illinois,0.5157246
422,21,17,Christian,Illinois,0.3750635
423,25,17,Clay,Illinois,0.309863
424,27,17,Clinton,Illinois,0.2090846
425,29,17,Coles,Illinois,0.5960909
426,31,17,Cook,Illinois,0.511034943478261
427,33,17,Crawford,Illinois,0.3596712
428,37,17,DeKalb,Illinois,0.38740175
429,39,17,De Witt,Illinois,0.08127854
430,43,17,DuPage,Illinois,0.6426049833333333
431,49,17,Effingham,Illinois,0.2873828
432,53,17,Ford,Illinois,0.3718356
433,57,17,Fulton,Illinois,0.4484231
434,61,17,Greene,Illinois,0.09917808
435,63,17,Grundy,Illinois,0.4224103
436,65,17,Hamilton,Illinois,0.3496986
437,69,17,Hardin,Illinois,0.2840548
438,73,17,Henry,Illinois,0.24684935000000002
439,75,17,Iroquois,Illinois,0.110137
440,77,17,Jackson,Illinois,0.53906155
441,81,17,Jefferson,Illinois,0.38882645000000005
442,83,17,Jersey,Illinois,0.1521143
443,85,17,Jo Daviess,Illinois,0.2642192
444,89,17,Kane,Illinois,0.49867274000000006
445,91,17,Kankakee,Illinois,0.4019585
446,95,17,Knox,Illinois,0.31303275
447,97,17,Lake,Illinois,0.56550148
448,99,17,LaSalle,Illinois,0.31115086666666664
449,101,17,Lawrence,Illinois,0.2183014
450,103,17,Lee,Illinois,0.3259444
451,105,17,Livingston,Illinois,0.3907371
452,107,17,Logan,Illinois,0.4810959
453,109,17,McDonough,Illinois,0.3105632
454,111,17,McHenry,Illinois,0.47252354999999996
455,113,17,McLean,Illinois,0.4692975
456,115,17,Macon,Illinois,0.47406985
457,117,17,Macoupin,Illinois,0.20860275
458,119,17,Madison,Illinois,0.4895552800000001
459,121,17,Marion,Illinois,0.3758323
460,125,17,Mason,Illinois,0.1294247
461,135,17,Montgomery,Illinois,0.36915065
462,137,17,Morgan,Illinois,0.2362342
463,141,17,Ogle,Illinois,0.1755036
464,143,17,Peoria,Illinois,0.5849493
465,145,17,Perry,Illinois,0.36861245
466,147,17,Piatt,Illinois,0.3071918
467,149,17,Pike,Illinois,0.1191233
468,157,17,Randolph,Illinois,0.32876710000000003
469,159,17,Richland,Illinois,0.2677937
470,161,17,Rock Island,Illinois,0.31573375
471,163,17,St. Clair,Illinois,0.5350387666666666
472,165,17,Saline,Illinois,0.3145959
473,167,17,Sangamon,Illinois,0.72180075
474,169,17,Schuyler,Illinois,0.1674969
475,173,17,Shelby,Illinois,0.126484
476,177,17,Stephenson,Illinois,0.3736712
477,179,17,Tazewell,Illinois,0.21324695
478,181,17,Union,Illinois,0.2569863
479,183,17,Vermilion,Illinois,0.20025120000000002
480,45,17,Edgar,Illinois,0.5959452
481,185,17,Wabash,Illinois,0.2755069
482,187,17,Warren,Illinois,0.1519952
483,191,17,Wayne,Illinois,0.1838904
484,195,17,Whiteside,Illinois,0.3685217
485,197,17,Will,Illinois,0.5467836666666667
486,199,17,Williamson,Illinois,0.48794024999999996
487,201,17,Winnebago,Illinois,0.5499183
488,203,17,Woodford,Illinois,0.1324932
489,1,18,Adams,Indiana,0.6100822
490,3,18,Allen,Indiana,0.4950472666666666
491,5,18,Bartholomew,Indiana,0.3950529
492,9,18,Blackford,Indiana,0.4056621
493,11,18,Boone,Indiana,0.2917808
494,17,18,Cass,Indiana,0.2849026
495,19,18,Clark,Indiana,0.6196257
496,21,18,Clay,Indiana,0.07824658
497,23,18,Clinton,Indiana,0.1672329
498,27,18,Daviess,Indiana,0.2703849
499,29,18,Dearborn,Indiana,0.3380694
500,31,18,Decatur,Indiana,0.4431781
501,33,18,DeKalb,Indiana,0.3216586
502,35,18,Delaware,Indiana,0.6799743
503,37,18,Dubois,Indiana,0.3288905
504,39,18,Elkhart,Indiana,0.5026939
505,43,18,Floyd,Indiana,0.47605615
506,51,18,Gibson,Indiana,0.3416986
507,53,18,Grant,Indiana,0.4461876
508,55,18,Greene,Indiana,0.2820822
509,57,18,Hamilton,Indiana,0.43489310000000003
510,59,18,Hancock,Indiana,0.3682911
511,61,18,Harrison,Indiana,0.5244932
512,63,18,Hendricks,Indiana,0.51311705
513,65,18,Henry,Indiana,0.4545091
514,67,18,Howard,Indiana,0.40002915
515,69,18,Huntington,Indiana,0.3311263
516,71,18,Jackson,Indiana,0.2629836
517,73,18,Jasper,Indiana,0.1740274
518,75,18,Jay,Indiana,0.2375163
519,77,18,Jefferson,Indiana,0.3386364
520,79,18,Jennings,Indiana,0.07068493
521,81,18,Johnson,Indiana,0.196435
522,83,18,Knox,Indiana,0.5575481
523,85,18,Kosciusko,Indiana,0.3180746
524,87,18,LaGrange,Indiana,0.331726
525,89,18,Lake,Indiana,0.49426107777777784
526,91,18,LaPorte,Indiana,0.35637569999999996
527,93,18,Lawrence,Indiana,0.3232329
528,95,18,Madison,Indiana,0.359008
529,97,18,Marion,Indiana,0.6204595
530,99,18,Marshall,Indiana,0.215844755
531,103,18,Miami,Indiana,0.3315068
532,105,18,Monroe,Indiana,0.4785423
533,107,18,Montgomery,Indiana,0.2863486
534,109,18,Morgan,Indiana,0.2275623
535,113,18,Noble,Indiana,0.4145824
536,123,18,Perry,Indiana,0.3263562
537,127,18,Porter,Indiana,0.623679
538,133,18,Putnam,Indiana,0.2885479
539,135,18,Randolph,Indiana,0.1249315
540,137,18,Ripley,Indiana,0.5042192
541,139,18,Rush,Indiana,0.1471781
542,141,18,St. Joseph,Indiana,0.47987376666666665
543,143,18,Scott,Indiana,0.3185754
544,145,18,Shelby,Indiana,0.5916617
545,149,18,Starke,Indiana,0.2241096
546,151,18,Steuben,Indiana,0.4289315
547,153,18,Sullivan,Indiana,0.2641096
548,157,18,Tippecanoe,Indiana,0.6122548
549,159,18,Tipton,Indiana,0.3136438
550,163,18,Vanderburgh,Indiana,0.54916515
551,165,18,Vermillion,Indiana,0.203726
552,167,18,Vigo,Indiana,0.47687875
553,169,18,Wabash,Indiana,0.3380715
554,171,18,Warren,Indiana,0.3549657
555,173,18,Warrick,Indiana,0.5261903
556,175,18,Washington,Indiana,0.05435617
557,177,18,Wayne,Indiana,0.6307757
558,179,18,Wells,Indiana,0.1756413
559,181,18,White,Indiana,0.2481096
560,183,18,Whitley,Indiana,0.3936986
561,1,19,Adair,Iowa,0.04427397
562,3,19,Adams,Iowa,0.07260274
563,5,19,Allamakee,Iowa,0.2638904
564,7,19,Appanoose,Iowa,0.1511233
565,9,19,Audubon,Iowa,0.0729863
566,13,19,Black Hawk,Iowa,0.33773079999999994
567,15,19,Boone,Iowa,0.3746849
568,17,19,Bremer,Iowa,0.3355512
569,19,19,Buchanan,Iowa,0.1429041
570,21,19,Buena Vista,Iowa,0.2985205
571,25,19,Calhoun,Iowa,0.1256986
572,27,19,Carroll,Iowa,0.2425118
573,29,19,Cass,Iowa,0.3525479
574,33,19,Cerro Gordo,Iowa,0.5609756
575,35,19,Cherokee,Iowa,0.3733699
576,37,19,Chickasaw,Iowa,0.354452
577,39,19,Clarke,Iowa,0.2803288
578,41,19,Clay,Iowa,0.3618675
579,43,19,Clayton,Iowa,0.16087669999999998
580,45,19,Clinton,Iowa,0.26699525
581,47,19,Crawford,Iowa,0.2121644
582,49,19,Dallas,Iowa,0.08526027
583,51,19,Davis,Iowa,0.09863014
584,53,19,Decatur,Iowa,0.222665
585,55,19,Delaware,Iowa,0.2609315
586,57,19,Des Moines,Iowa,0.461946
587,59,19,Dickinson,Iowa,0.1815691
588,61,19,Dubuque,Iowa,0.36313284
589,63,19,Emmet,Iowa,0.2217933
590,65,19,Fayette,Iowa,0.13468495
591,69,19,Franklin,Iowa,0.1567123
592,73,19,Greene,Iowa,0.1878356
593,75,19,Grundy,Iowa,0.09709589
594,77,19,Guthrie,Iowa,0.1677808
595,79,19,Hamilton,Iowa,0.3277808
596,81,19,Hancock,Iowa,0.2814247
597,83,19,Hardin,Iowa,0.3498003
598,85,19,Harrison,Iowa,0.1659178
599,87,19,Henry,Iowa,0.1800548
600,89,19,Howard,Iowa,0.1873668
601,93,19,Ida,Iowa,0.2248767
602,95,19,Iowa,Iowa,0.2749589
603,97,19,Jackson,Iowa,0.194411
604,99,19,Jasper,Iowa,0.1650685
605,101,19,Jefferson,Iowa,0.3774247
606,103,19,Johnson,Iowa,0.51617665
607,105,19,Jones,Iowa,0.2290162
608,109,19,Kossuth,Iowa,0.4009132
609,111,19,Lee,Iowa,0.115476785
610,113,19,Linn,Iowa,0.5074874
611,117,19,Lucas,Iowa,0.1153973
612,121,19,Madison,Iowa,0.1727123
613,123,19,Mahaska,Iowa,0.4187397
614,125,19,Marion,Iowa,0.3752877
615,127,19,Marshall,Iowa,0.3048227
616,133,19,Monona,Iowa,0.2683836
617,135,19,Monroe,Iowa,0.1315068
618,137,19,Montgomery,Iowa,0.4652055
619,139,19,Muscatine,Iowa,0.2231355
620,141,19,O'Brien,Iowa,0.21277265499999998
621,143,19,Osceola,Iowa,0.1146301
622,145,19,Page,Iowa,0.1961096
623,147,19,Palo Alto,Iowa,0.1930365
624,149,19,Plymouth,Iowa,0.2267397
625,153,19,Polk,Iowa,0.6615617250000001
626,155,19,Pottawattamie,Iowa,0.46999915
627,157,19,Poweshiek,Iowa,0.2342186
628,159,19,Ringgold,Iowa,0.1804795
629,163,19,Scott,Iowa,0.4685341
630,165,19,Shelby,Iowa,0.3596712
631,167,19,Sioux,Iowa,0.218060575
632,169,19,Story,Iowa,0.43447555000000004
633,175,19,Union,Iowa,0.3757808
634,177,19,Van Buren,Iowa,0.08909589
635,179,19,Wapello,Iowa,0.2220423
636,183,19,Washington,Iowa,0.2903014
637,185,19,Wayne,Iowa,0.2740822
638,187,19,Webster,Iowa,0.6789756
639,191,19,Winneshiek,Iowa,0.3639452
640,193,19,Woodbury,Iowa,0.65030875
641,197,19,Wright,Iowa,0.24147944999999998
642,1,20,Allen,Kansas,0.3499178
643,3,20,Anderson,Kansas,0.389726
644,5,20,Atchison,Kansas,0.3659178
645,7,20,Barber,Kansas,0.3290411
646,9,20,Barton,Kansas,0.4170956
647,13,20,Brown,Kansas,0.3509041
648,15,20,Butler,Kansas,0.40862624999999997
649,19,20,Chautauqua,Kansas,0.1094279
650,23,20,Cheyenne,Kansas,0.1976027
651,25,20,Clark,Kansas,0.6470137
652,27,20,Clay,Kansas,0.6315874
653,29,20,Cloud,Kansas,0.2582814
654,31,20,Coffey,Kansas,0.1833425
655,33,20,Comanche,Kansas,0.2089041
656,35,20,Cowley,Kansas,0.37709355
657,37,20,Crawford,Kansas,0.25749299999999997
658,41,20,Dickinson,Kansas,0.37465994999999996
659,45,20,Douglas,Kansas,0.4569614
660,47,20,Edwards,Kansas,0.4445205
661,51,20,Ellis,Kansas,0.3701572
662,53,20,Ellsworth,Kansas,0.2748858
663,55,20,Finney,Kansas,0.4137291
664,57,20,Ford,Kansas,0.1886301
665,59,20,Franklin,Kansas,0.1964956
666,61,20,Geary,Kansas,0.1604138
667,63,20,Gove,Kansas,0.2369211
668,65,20,Graham,Kansas,0.2005479
669,67,20,Grant,Kansas,0.2419389
670,71,20,Greeley,Kansas,0.2607306
671,73,20,Greenwood,Kansas,0.2687123
672,75,20,Hamilton,Kansas,0.2310137
673,79,20,Harvey,Kansas,0.3337653
674,83,20,Hodgeman,Kansas,0.5793661
675,85,20,Jackson,Kansas,0.3210046
676,87,20,Jefferson,Kansas,0.08438356
677,89,20,Jewell,Kansas,0.7606164
678,91,20,Johnson,Kansas,0.4958173125
679,93,20,Kearny,Kansas,0.2199452
680,95,20,Kingman,Kansas,0.1845479
681,99,20,Labette,Kansas,0.3201357
682,103,20,Leavenworth,Kansas,0.4224367
683,111,20,Lyon,Kansas,0.8581865
684,113,20,McPherson,Kansas,0.19307530000000003
685,115,20,Marion,Kansas,0.2174429
686,119,20,Meade,Kansas,0.1053425
687,121,20,Miami,Kansas,0.1476408
688,123,20,Mitchell,Kansas,1.0
689,125,20,Montgomery,Kansas,0.2274556
690,127,20,Morris,Kansas,0.1475068
691,129,20,Morton,Kansas,0.08756586
692,131,20,Nemaha,Kansas,0.24565875
693,133,20,Neosho,Kansas,0.6636364
694,135,20,Ness,Kansas,0.3089285
695,137,20,Norton,Kansas,0.1275616
696,141,20,Osborne,Kansas,0.1589041
697,143,20,Ottawa,Kansas,0.6545753
698,147,20,Phillips,Kansas,0.28
699,149,20,Pottawatomie,Kansas,0.28466365
700,151,20,Pratt,Kansas,0.3059883
701,155,20,Reno,Kansas,0.23169774999999998
702,157,20,Republic,Kansas,0.6206027
703,161,20,Riley,Kansas,0.32172789999999996
704,167,20,Russell,Kansas,0.3251012
705,169,20,Saline,Kansas,0.44845539999999995
706,171,20,Scott,Kansas,0.4046027
707,173,20,Sedgwick,Kansas,0.49620679999999995
708,175,20,Seward,Kansas,0.2837739
709,177,20,Shawnee,Kansas,0.46779424999999997
710,179,20,Sheridan,Kansas,0.2296804
711,181,20,Sherman,Kansas,0.2402767
712,183,20,Smith,Kansas,0.3255137
713,195,20,Trego,Kansas,0.4289315
714,201,20,Washington,Kansas,0.1898082
715,203,20,Wichita,Kansas,0.6456986
716,205,20,Wilson,Kansas,0.30158904999999997
717,209,20,Wyandotte,Kansas,0.62579195
718,3,21,Allen,Kentucky,0.7533151
719,9,21,Barren,Kentucky,0.4560376
720,13,21,Bell,Kentucky,0.330429
721,15,21,Boone,Kentucky,0.725647
722,17,21,Bourbon,Kentucky,0.2986301
723,19,21,Boyd,Kentucky,0.3713392
724,21,21,Boyle,Kentucky,0.4324577
725,25,21,Breathitt,Kentucky,0.2560805
726,27,21,Breckinridge,Kentucky,0.4439452
727,33,21,Caldwell,Kentucky,0.2646575
728,35,21,Calloway,Kentucky,0.3552788
729,37,21,Campbell,Kentucky,0.6682375
730,41,21,Carroll,Kentucky,0.1694247
731,45,21,Casey,Kentucky,0.822831
732,47,21,Christian,Kentucky,0.3550943
733,49,21,Clark,Kentucky,0.4496195
734,51,21,Clay,Kentucky,0.2963377
735,53,21,Clinton,Kentucky,0.2107426
736,55,21,Crittenden,Kentucky,0.1700913
737,57,21,Cumberland,Kentucky,0.3210959
738,59,21,Daviess,Kentucky,0.3926663
739,65,21,Estill,Kentucky,0.526137
740,67,21,Fayette,Kentucky,0.5719580333333334
741,69,21,Fleming,Kentucky,0.1135933
742,71,21,Floyd,Kentucky,0.29359393333333333
743,73,21,Franklin,Kentucky,0.594187
744,81,21,Grant,Kentucky,0.1052055
745,83,21,Graves,Kentucky,0.4500937
746,85,21,Grayson,Kentucky,0.3184657
747,87,21,Green,Kentucky,0.7884932
748,93,21,Hardin,Kentucky,0.5018671
749,95,21,Harlan,Kentucky,0.4269575
750,97,21,Harrison,Kentucky,0.1691893
751,99,21,Hart,Kentucky,0.312
752,101,21,Henderson,Kentucky,0.3231484
753,107,21,Hopkins,Kentucky,0.4765982
754,111,21,Jefferson,Kentucky,0.7005406666666666
755,115,21,Johnson,Kentucky,0.2160959
756,117,21,Kenton,Kentucky,0.7270471
757,235,21,Whitley,Kentucky,0.4351856
758,121,21,Knox,Kentucky,0.3419178
759,125,21,Laurel,Kentucky,0.6349444
760,127,21,Lawrence,Kentucky,0.2038356
761,131,21,Leslie,Kentucky,0.4367123
762,133,21,Letcher,Kentucky,0.4303196
763,137,21,Lincoln,Kentucky,0.5063013
764,139,21,Livingston,Kentucky,0.3305205
765,141,21,Logan,Kentucky,0.1053516
766,145,21,McCracken,Kentucky,0.4061064
767,151,21,Madison,Kentucky,0.4923105
768,155,21,Marion,Kentucky,0.1100674
769,157,21,Marshall,Kentucky,0.3216438
770,161,21,Mason,Kentucky,0.1674795
771,167,21,Mercer,Kentucky,0.4162192
772,171,21,Monroe,Kentucky,0.2637406
773,173,21,Montgomery,Kentucky,0.4095238
774,175,21,Morgan,Kentucky,0.07638356
775,177,21,Muhlenberg,Kentucky,0.2730982
776,179,21,Nelson,Kentucky,0.4471918
777,183,21,Ohio,Kentucky,0.3448767
778,185,21,Oldham,Kentucky,0.193516
779,193,21,Perry,Kentucky,0.6616498
780,195,21,Pike,Kentucky,0.47353349999999994
781,199,21,Pulaski,Kentucky,0.4582489
782,203,21,Rockcastle,Kentucky,0.5021918
783,205,21,Rowan,Kentucky,0.4442448
784,207,21,Russell,Kentucky,0.3236164
785,209,21,Scott,Kentucky,0.2040548
786,211,21,Shelby,Kentucky,0.09643836
787,213,21,Simpson,Kentucky,0.7493699
788,217,21,Taylor,Kentucky,0.2852359
789,221,21,Trigg,Kentucky,0.4012055
790,225,21,Union,Kentucky,0.4620274
791,227,21,Warren,Kentucky,0.53852135
792,231,21,Wayne,Kentucky,0.3426849
793,239,21,Woodford,Kentucky,0.2550137
794,1,22,Acadia,Louisiana,0.1678725
795,3,22,Allen,Louisiana,0.16534189999999999
796,5,22,Ascension,Louisiana,0.3976469
797,7,22,Assumption,Louisiana,0.02009133
798,9,22,Avoyelles,Louisiana,0.21412805000000001
799,11,22,Beauregard,Louisiana,0.4309757
800,13,22,Bienville,Louisiana,0.2519243
801,15,22,Bossier,Louisiana,0.6506407
802,19,22,Calcasieu,Louisiana,0.430288375
803,21,22,Caldwell,Louisiana,0.14014159999999998
804,23,22,Cameron,Louisiana,
805,27,22,Claiborne,Louisiana,0.3663088
806,31,22,De Soto,Louisiana,0.1124093
807,33,22,East Baton Rouge,Louisiana,0.4163278714285714
808,35,22,East Carroll,Louisiana,0.1402025
809,37,22,East Feliciana,Louisiana,0.001413178
810,39,22,Evangeline,Louisiana,0.196494065
811,41,22,Franklin,Louisiana,0.2360888
812,45,22,Iberia,Louisiana,0.3938659
813,49,22,Jackson,Louisiana,0.121863
814,51,22,Jefferson,Louisiana,0.5927124500000001
815,53,22,Jefferson Davis,Louisiana,0.5013698
816,55,22,Lafayette,Louisiana,0.4505390185714286
817,57,22,Lafourche,Louisiana,0.3527684
818,59,22,La Salle,Louisiana,0.29760735000000005
819,61,22,Lincoln,Louisiana,0.2901604
820,67,22,Morehouse,Louisiana,0.228451
821,69,22,Natchitoches,Louisiana,0.2484018
822,71,22,Orleans,Louisiana,0.6300633000000001
823,73,22,Ouachita,Louisiana,0.37200368
824,77,22,Pointe Coupee,Louisiana,0.1560548
825,79,22,Rapides,Louisiana,0.6007913
826,83,22,Richland,Louisiana,0.19641530000000001
827,85,22,Sabine,Louisiana,0.07962329
828,89,22,St. Charles,Louisiana,0.1775202
829,93,22,St. James,Louisiana,0.3296438
830,97,22,St. Landry,Louisiana,0.3512111
831,101,22,St. Mary,Louisiana,0.1214427
832,103,22,St. Tammany,Louisiana,0.3166559714285714
833,105,22,Tangipahoa,Louisiana,0.31664675
834,109,22,Terrebonne,Louisiana,0.2928084966666667
835,111,22,Union,Louisiana,0.3437443
836,113,22,Vermilion,Louisiana,0.32161514999999996
837,115,22,Vernon,Louisiana,0.4003914
838,117,22,Washington,Louisiana,0.3725266
839,119,22,Webster,Louisiana,0.1761171
840,123,22,West Carroll,Louisiana,0.5494064
841,125,22,West Feliciana,Louisiana,0.0700274
842,127,22,Winn,Louisiana,0.1431527
843,1,23,Androscoggin,Maine,0.45655375
844,3,23,Aroostook,Maine,0.5197087
845,5,23,Cumberland,Maine,0.560934775
846,7,23,Franklin,Maine,0.360348
847,9,23,Hancock,Maine,0.4286788333333333
848,13,23,Knox,Maine,0.5556008
849,15,23,Lincoln,Maine,0.4978371
850,17,23,Oxford,Maine,0.4361156
851,19,23,Penobscot,Maine,0.44458470000000005
852,21,23,Piscataquis,Maine,0.5666301499999999
853,25,23,Somerset,Maine,0.4503562
854,27,23,Waldo,Maine,0.7158974
855,29,23,Washington,Maine,0.3547945
856,31,23,York,Maine,0.51122975
857,1,24,Allegany,Maryland,0.6803014
858,3,24,Anne Arundel,Maryland,0.73567
859,5,24,Baltimore County,Maryland,0.710743425
860,9,24,Calvert,Maryland,0.7468573
861,13,24,Carroll,Maryland,0.7480527
862,15,24,Cecil,Maryland,0.5511701
863,17,24,Charles,Maryland,0.7173889
864,21,24,Frederick,Maryland,0.7186272
865,23,24,Garrett,Maryland,0.5997971
866,25,24,Harford,Maryland,0.7235903
867,27,24,Howard,Maryland,0.6613922
868,29,24,Kent,Maryland,0.3729941
869,31,24,Montgomery,Maryland,0.6909269499999999
870,33,24,Prince George's,Maryland,0.7206489
871,37,24,St. Mary's,Maryland,0.6773402
872,41,24,Talbot,Maryland,0.6129038
873,43,24,Washington,Maryland,0.7201596
874,45,24,Wicomico,Maryland,0.6043569
875,47,24,Worcester,Maryland,0.5972032
876,1,25,Barnstable,Massachusetts,0.68627525
877,3,25,Berkshire,Massachusetts,0.5237541
878,5,25,Bristol,Massachusetts,0.56290215
879,7,25,Dukes,Massachusetts,0.5487123
880,9,25,Essex,Massachusetts,0.5697237800000001
881,11,25,Franklin,Massachusetts,0.563183
882,13,25,Hampden,Massachusetts,0.5355331399999999
883,19,25,Nantucket,Massachusetts,0.2641673
884,21,25,Norfolk,Massachusetts,0.627692825
885,23,25,Plymouth,Massachusetts,0.7240253666666666
886,25,25,Suffolk,Massachusetts,0.7215968083333334
887,27,25,Worcester,Massachusetts,0.5715144
888,5,26,Allegan,Michigan,0.2482192
889,7,26,Alpena,Michigan,0.3257277
890,11,26,Arenac,Michigan,0.1652603
891,15,26,Barry,Michigan,0.5231858
892,17,26,Bay,Michigan,0.620024
893,19,26,Benzie,Michigan,0.009931507
894,21,26,Berrien,Michigan,0.258381635
895,23,26,Branch,Michigan,0.3593135
896,25,26,Calhoun,Michigan,0.5080624499999999
897,27,26,Cass,Michigan,0.100274
898,33,26,Chippewa,Michigan,0.5048923
899,35,26,Clare,Michigan,0.1482248
900,37,26,Clinton,Michigan,0.2830685
901,39,26,Crawford,Michigan,0.3688566
902,41,26,Delta,Michigan,0.3875068
903,43,26,Dickinson,Michigan,0.5152792
904,45,26,Eaton,Michigan,0.21175339999999998
905,47,26,Emmet,Michigan,0.531813
906,49,26,Genesee,Michigan,0.6847791333333334
907,51,26,Gladwin,Michigan,0.1232877
908,53,26,Gogebic,Michigan,0.3592329
909,55,26,Grand Traverse,Michigan,0.5914526
910,57,26,Gratiot,Michigan,0.5578977
911,59,26,Hillsdale,Michigan,0.2765878
912,61,26,Houghton,Michigan,0.2423896
913,63,26,Huron,Michigan,0.16403485
914,65,26,Ingham,Michigan,0.6037026
915,67,26,Ionia,Michigan,0.2875467
916,69,26,Iosco,Michigan,0.1992422
917,71,26,Iron,Michigan,0.2488767
918,73,26,Isabella,Michigan,0.2259056
919,75,26,Jackson,Michigan,0.6629874
920,77,26,Kalamazoo,Michigan,0.60115775
921,81,26,Kent,Michigan,0.6285578666666667
922,117,26,Montcalm,Michigan,0.2556063333333333
923,87,26,Lapeer,Michigan,0.5276571
924,91,26,Lenawee,Michigan,0.170645075
925,93,26,Livingston,Michigan,0.50211995
926,99,26,Macomb,Michigan,0.4856381075
927,101,26,Manistee,Michigan,0.2009132
928,103,26,Marquette,Michigan,0.4181246
929,105,26,Mason,Michigan,0.398965
930,107,26,Mecosta,Michigan,0.3459323
931,111,26,Midland,Michigan,0.4959073
932,115,26,Monroe,Michigan,0.3528695
933,121,26,Muskegon,Michigan,0.5105078
934,123,26,Newaygo,Michigan,0.4439452
935,125,26,Oakland,Michigan,0.51403929
936,129,26,Ogemaw,Michigan,0.2375897
937,133,26,Osceola,Michigan,0.1684384
938,137,26,Otsego,Michigan,0.3559262
939,139,26,Ottawa,Michigan,0.27841143999999995
940,145,26,Saginaw,Michigan,0.634207
941,147,26,St. Clair,Michigan,0.3336117
942,149,26,St. Joseph,Michigan,0.1601569
943,151,26,Sanilac,Michigan,0.13798477
944,153,26,Schoolcraft,Michigan,0.3878995
945,155,26,Shiawassee,Michigan,0.4016784
946,157,26,Tuscola,Michigan,0.116821935
947,159,26,Van Buren,Michigan,0.111001395
948,161,26,Washtenaw,Michigan,0.6055978999999999
949,163,26,Wayne,Michigan,0.6344560466666668
950,165,26,Wexford,Michigan,0.4896282
951,1,27,Aitkin,Minnesota,0.3755617
952,3,27,Anoka,Minnesota,0.7091011
953,5,27,Becker,Minnesota,0.4434551
954,7,27,Beltrami,Minnesota,0.5390488
955,29,27,Clearwater,Minnesota,0.03323407
956,11,27,Big Stone,Minnesota,0.10902281999999999
957,13,27,Blue Earth,Minnesota,0.6175539
958,15,27,Brown,Minnesota,0.31992010000000004
959,17,27,Carlton,Minnesota,0.30118055
960,19,27,Carver,Minnesota,0.5043787
961,21,27,Cass,Minnesota,0.00109589
962,23,27,Chippewa,Minnesota,0.2286027
963,25,27,Chisago,Minnesota,0.4464757
964,33,27,Cottonwood,Minnesota,0.14642315
965,35,27,Crow Wing,Minnesota,0.42283725
966,37,27,Dakota,Minnesota,0.48852675
967,41,27,Douglas,Minnesota,0.2963609
968,43,27,Faribault,Minnesota,0.3555936
969,47,27,Freeborn,Minnesota,0.251624
970,49,27,Goodhue,Minnesota,0.43285845
971,51,27,Grant,Minnesota,0.1358904
