,CNTY_FIPS,STATE_FIPS,COUNTY_NAME,STATE_NAME,05/24/2020
0,13,4,Maricopa,Arizona,335.0
1,19,4,Pima,Arizona,159.0
2,19,6,Fresno,California,104.0
3,9,9,New Haven,Connecticut,107.0
4,3,10,New Castle,Delaware,6.0
5,1,11,District of Columbia,District of Columbia,113.0
6,1,12,Alachua,Florida,130.0
7,1,16,Ada,Idaho,110.0
8,17,22,Caddo,Louisiana,66.0
9,121,28,Rankin,Mississippi,20.0
10,19,29,Boone,Missouri,0.0
11,1,35,Bernalillo,New Mexico,0.0
12,1,36,Albany,New York,0.0
13,5,36,Bronx,New York,0.0
14,17,38,Cass,North Dakota,0.0
15,19,41,Douglas,Oregon,0.0
16,3,42,Allegheny,Pennsylvania,0.0
17,1,1,Autauga,Alabama,0.0
18,3,1,Baldwin,Alabama,0.0
19,5,1,Barbour,Alabama,0.0
20,7,1,Bibb,Alabama,0.0
21,9,1,Blount,Alabama,0.0
22,11,1,Bullock,Alabama,0.0
23,13,1,Butler,Alabama,0.0
24,15,1,Calhoun,Alabama,0.0
25,17,1,Chambers,Alabama,0.0
26,19,1,Cherokee,Alabama,0.0
27,25,1,Clarke,Alabama,0.0
28,27,1,Clay,Alabama,0.0
29,31,1,Coffee,Alabama,0.0
30,33,1,Colbert,Alabama,0.0
31,35,1,Conecuh,Alabama,0.0
32,39,1,Covington,Alabama,0.0
33,41,1,Crenshaw,Alabama,0.0
34,43,1,Cullman,Alabama,0.0
35,45,1,Dale,Alabama,0.0
36,47,1,Dallas,Alabama,0.0
37,49,1,DeKalb,Alabama,0.0
38,51,1,Elmore,Alabama,0.0
39,53,1,Escambia,Alabama,0.0
40,55,1,Etowah,Alabama,0.0
41,57,1,Fayette,Alabama,0.0
42,59,1,Franklin,Alabama,0.0
43,61,1,Geneva,Alabama,0.0
44,63,1,Greene,Alabama,0.0
45,65,1,Hale,Alabama,0.0
46,69,1,Houston,Alabama,22.0
47,71,1,Jackson,Alabama,0.0
48,73,1,Jefferson,Alabama,192.0
49,77,1,Lauderdale,Alabama,0.0
50,79,1,Lawrence,Alabama,0.0
51,81,1,Lee,Alabama,0.0
52,83,1,Limestone,Alabama,0.0
53,89,1,Madison,Alabama,49.0
54,91,1,Marengo,Alabama,0.0
55,93,1,Marion,Alabama,0.0
56,95,1,Marshall,Alabama,0.0
57,97,1,Mobile,Alabama,118.0
58,99,1,Monroe,Alabama,0.0
59,101,1,Montgomery,Alabama,65.0
60,103,1,Morgan,Alabama,0.0
61,109,1,Pike,Alabama,0.0
62,113,1,Russell,Alabama,0.0
63,115,1,St. Clair,Alabama,0.0
64,117,1,Shelby,Alabama,0.0
65,119,1,Sumter,Alabama,0.0
66,121,1,Talladega,Alabama,0.0
67,123,1,Tallapoosa,Alabama,0.0
68,125,1,Tuscaloosa,Alabama,51.0
69,127,1,Walker,Alabama,0.0
70,129,1,Washington,Alabama,0.0
71,131,1,Wilcox,Alabama,0.0
72,133,1,Winston,Alabama,0.0
73,20,2,Anchorage,Alaska,76.0
74,50,2,Bethel,Alaska,0.0
75,11,23,Kennebec,Maine,0.0
76,90,2,Fairbanks North Star,Alaska,0.0
77,110,2,Juneau,Alaska,0.0
78,122,2,Kenai Peninsula,Alaska,0.0
79,130,2,Ketchikan Gateway,Alaska,0.0
80,510,24,Baltimore City,Maryland,167.0
81,150,2,Kodiak Island,Alaska,0.0
82,170,2,Matanuska-Susitna,Alaska,0.0
83,180,2,Nome,Alaska,0.0
84,220,2,Sitka,Alaska,0.0
85,275,2,Wrangell,Alaska,0.0
86,15,25,Hampshire,Massachusetts,0.0
87,17,25,Middlesex,Massachusetts,26.0
88,1,4,Apache,Arizona,0.0
89,3,4,Cochise,Arizona,0.0
90,5,4,Coconino,Arizona,18.0
91,9,4,Graham,Arizona,0.0
92,7,4,Gila,Arizona,0.0
93,12,4,La Paz,Arizona,0.0
94,15,4,Mohave,Arizona,0.0
95,17,4,Navajo,Arizona,0.0
96,21,4,Pinal,Arizona,0.0
97,23,4,Santa Cruz,Arizona,0.0
98,25,4,Yavapai,Arizona,0.0
99,27,4,Yuma,Arizona,20.0
100,1,5,Arkansas,Arkansas,0.0
101,3,5,Ashley,Arkansas,0.0
102,5,5,Baxter,Arkansas,0.0
103,7,5,Benton,Arkansas,8.0
104,9,5,Boone,Arkansas,0.0
105,11,5,Bradley,Arkansas,0.0
106,15,5,Carroll,Arkansas,0.0
107,17,5,Chicot,Arkansas,0.0
108,19,5,Clark,Arkansas,0.0
109,21,5,Clay,Arkansas,0.0
110,23,5,Cleburne,Arkansas,0.0
111,27,5,Columbia,Arkansas,0.0
112,7,44,Providence,Rhode Island,0.0
113,29,5,Conway,Arkansas,0.0
114,31,5,Craighead,Arkansas,12.0
115,33,5,Crawford,Arkansas,0.0
116,37,5,Cross,Arkansas,0.0
117,39,5,Dallas,Arkansas,0.0
118,41,5,Desha,Arkansas,0.0
119,43,5,Drew,Arkansas,0.0
120,45,5,Faulkner,Arkansas,0.0
121,47,5,Franklin,Arkansas,0.0
122,51,5,Garland,Arkansas,0.0
123,55,5,Greene,Arkansas,0.0
124,57,5,Hempstead,Arkansas,0.0
125,59,5,Hot Spring,Arkansas,0.0
126,19,45,Charleston,South Carolina,0.0
127,61,5,Howard,Arkansas,0.0
128,63,5,Independence,Arkansas,0.0
129,69,5,Jefferson,Arkansas,0.0
130,71,5,Johnson,Arkansas,0.0
131,75,5,Lawrence,Arkansas,0.0
132,83,5,Logan,Arkansas,0.0
133,93,5,Mississippi,Arkansas,0.0
134,103,5,Ouachita,Arkansas,0.0
135,107,5,Phillips,Arkansas,0.0
136,113,5,Polk,Arkansas,0.0
137,115,5,Pope,Arkansas,0.0
138,119,5,Pulaski,Arkansas,168.0
139,121,5,Randolph,Arkansas,0.0
140,123,5,St. Francis,Arkansas,0.0
141,125,5,Saline,Arkansas,0.0
142,127,5,Scott,Arkansas,0.0
143,131,5,Sebastian,Arkansas,25.0
144,137,5,Stone,Arkansas,0.0
145,139,5,Union,Arkansas,0.0
146,141,5,Van Buren,Arkansas,0.0
147,143,5,Washington,Arkansas,34.0
148,145,5,White,Arkansas,0.0
149,149,5,Yell,Arkansas,0.0
150,1,6,Alameda,California,79.0
151,5,6,Amador,California,0.0
152,7,6,Butte,California,6.0
153,9,6,Calaveras,California,0.0
154,13,6,Contra Costa,California,97.0
155,15,6,Del Norte,California,0.0
156,17,6,El Dorado,California,0.0
157,21,6,Glenn,California,0.0
158,23,6,Humboldt,California,5.0
159,3,54,Berkeley,West Virginia,0.0
160,25,6,Imperial,California,0.0
161,27,6,Inyo,California,0.0
162,29,6,Kern,California,77.0
163,31,6,Kings,California,0.0
164,33,6,Lake,California,0.0
165,35,6,Lassen,California,0.0
166,37,6,Los Angeles,California,1147.0
167,39,6,Madera,California,0.0
168,41,6,Marin,California,8.0
169,43,6,Mariposa,California,0.0
170,45,6,Mendocino,California,2.0
171,47,6,Merced,California,0.0
172,49,6,Modoc,California,0.0
173,53,6,Monterey,California,34.0
174,55,6,Napa,California,6.0
175,57,6,Nevada,California,0.0
176,59,6,Orange,California,182.0
177,61,6,Placer,California,16.0
178,63,6,Plumas,California,0.0
179,65,6,Riverside,California,101.0
180,67,6,Sacramento,California,192.0
181,69,6,San Benito,California,0.0
182,71,6,San Bernardino,California,122.0
183,73,6,San Diego,California,222.0
184,75,6,San Francisco,California,93.0
185,77,6,San Joaquin,California,79.0
186,79,6,San Luis Obispo,California,22.0
187,81,6,San Mateo,California,16.0
188,83,6,Santa Barbara,California,51.0
189,85,6,Santa Clara,California,276.0
190,87,6,Santa Cruz,California,24.0
191,89,6,Shasta,California,16.0
192,93,6,Siskiyou,California,0.0
193,95,6,Solano,California,16.0
194,97,6,Sonoma,California,12.0
195,99,6,Stanislaus,California,63.0
196,101,6,Sutter,California,0.0
197,103,6,Tehama,California,0.0
198,105,6,Trinity,California,0.0
199,107,6,Tulare,California,15.0
200,109,6,Tuolumne,California,0.0
201,111,6,Ventura,California,76.0
202,113,6,Yolo,California,0.0
203,115,6,Yuba,California,6.0
204,1,8,Adams,Colorado,148.0
205,3,8,Alamosa,Colorado,0.0
206,5,8,Arapahoe,Colorado,45.0
207,35,8,Douglas,Colorado,40.0
208,7,8,Archuleta,Colorado,0.0
209,13,8,Boulder,Colorado,44.0
210,15,8,Chaffee,Colorado,0.0
211,17,8,Cheyenne,Colorado,0.0
212,29,8,Delta,Colorado,0.0
213,31,8,Denver,Colorado,126.0
214,59,8,Jefferson,Colorado,20.0
215,37,8,Eagle,Colorado,0.0
216,41,8,El Paso,Colorado,130.0
217,43,8,Fremont,Colorado,0.0
218,45,8,Garfield,Colorado,2.0
219,51,8,Gunnison,Colorado,0.0
220,55,8,Huerfano,Colorado,0.0
221,63,8,Kit Carson,Colorado,0.0
222,65,8,Lake,Colorado,0.0
223,67,8,La Plata,Colorado,0.0
224,69,8,Larimer,Colorado,25.0
225,71,8,Las Animas,Colorado,0.0
226,75,8,Logan,Colorado,0.0
227,77,8,Mesa,Colorado,0.0
228,81,8,Moffat,Colorado,0.0
229,83,8,Montezuma,Colorado,0.0
230,85,8,Montrose,Colorado,0.0
231,87,8,Morgan,Colorado,0.0
232,89,8,Otero,Colorado,0.0
233,95,8,Phillips,Colorado,0.0
234,97,8,Pitkin,Colorado,0.0
235,99,8,Prowers,Colorado,0.0
236,101,8,Pueblo,Colorado,0.0
237,103,8,Rio Blanco,Colorado,0.0
238,105,8,Rio Grande,Colorado,0.0
239,107,8,Routt,Colorado,0.0
240,117,8,Summit,Colorado,0.0
241,119,8,Teller,Colorado,0.0
242,123,8,Weld,Colorado,0.0
243,125,8,Yuma,Colorado,0.0
244,1,9,Fairfield,Connecticut,26.0
245,3,9,Hartford,Connecticut,118.0
246,5,9,Litchfield,Connecticut,0.0
247,7,9,Middlesex,Connecticut,0.0
248,11,9,New London,Connecticut,13.0
249,13,9,Tolland,Connecticut,0.0
250,15,9,Windham,Connecticut,0.0
251,1,10,Kent,Delaware,15.0
252,5,10,Sussex,Delaware,0.0
253,5,12,Bay,Florida,32.0
254,7,12,Bradford,Florida,0.0
255,9,12,Brevard,Florida,0.0
256,11,12,Broward,Florida,191.0
257,15,12,Charlotte,Florida,7.0
258,17,12,Citrus,Florida,0.0
259,19,12,Clay,Florida,16.0
260,21,12,Collier,Florida,0.0
261,23,12,Columbia,Florida,0.0
262,27,12,DeSoto,Florida,0.0
263,31,12,Duval,Florida,86.0
264,33,12,Escambia,Florida,82.0
265,35,12,Flagler,Florida,0.0
266,39,12,Gadsden,Florida,0.0
267,49,12,Hardee,Florida,0.0
268,51,12,Hendry,Florida,0.0
269,53,12,Hernando,Florida,10.0
270,55,12,Highlands,Florida,0.0
271,57,12,Hillsborough,Florida,205.0
272,59,12,Holmes,Florida,0.0
273,61,12,Indian River,Florida,0.0
274,63,12,Jackson,Florida,0.0
275,119,12,Sumter,Florida,0.0
276,69,12,Lake,Florida,0.0
277,71,12,Lee,Florida,152.0
278,73,12,Leon,Florida,30.0
279,81,12,Manatee,Florida,6.0
280,83,12,Marion,Florida,0.0
281,85,12,Martin,Florida,0.0
282,86,12,Miami-Dade,Florida,258.0
283,87,12,Monroe,Florida,0.0
284,89,12,Nassau,Florida,0.0
285,91,12,Okaloosa,Florida,10.0
286,93,12,Okeechobee,Florida,0.0
287,95,12,Orange,Florida,277.0
288,97,12,Osceola,Florida,24.0
289,99,12,Palm Beach,Florida,136.0
290,101,12,Pasco,Florida,12.0
291,103,12,Pinellas,Florida,25.0
292,105,12,Polk,Florida,45.0
293,107,12,Putnam,Florida,0.0
294,109,12,St. Johns,Florida,7.0
295,111,12,St. Lucie,Florida,6.0
296,113,12,Santa Rosa,Florida,0.0
297,115,12,Sarasota,Florida,33.0
298,117,12,Seminole,Florida,0.0
299,121,12,Suwannee,Florida,0.0
300,123,12,Taylor,Florida,0.0
301,127,12,Volusia,Florida,16.0
302,131,12,Walton,Florida,0.0
303,133,12,Washington,Florida,0.0
304,1,13,Appling,Georgia,0.0
305,5,13,Bacon,Georgia,0.0
306,9,13,Baldwin,Georgia,0.0
307,13,13,Barrow,Georgia,0.0
308,15,13,Bartow,Georgia,0.0
309,17,13,Ben Hill,Georgia,0.0
310,19,13,Berrien,Georgia,0.0
311,21,13,Bibb,Georgia,77.0
312,23,13,Bleckley,Georgia,0.0
313,27,13,Brooks,Georgia,0.0
314,31,13,Bulloch,Georgia,0.0
315,33,13,Burke,Georgia,0.0
316,35,13,Butts,Georgia,0.0
317,39,13,Camden,Georgia,0.0
318,43,13,Candler,Georgia,0.0
319,45,13,Carroll,Georgia,0.0
320,47,13,Catoosa,Georgia,0.0
321,51,13,Chatham,Georgia,74.0
322,121,13,Fulton,Georgia,154.0
323,57,13,Cherokee,Georgia,0.0
324,59,13,Clarke,Georgia,20.0
325,63,13,Clayton,Georgia,0.0
326,65,13,Clinch,Georgia,0.0
327,67,13,Cobb,Georgia,49.0
328,69,13,Coffee,Georgia,0.0
329,71,13,Colquitt,Georgia,0.0
330,75,13,Cook,Georgia,0.0
331,77,13,Coweta,Georgia,10.0
332,81,13,Crisp,Georgia,0.0
333,87,13,Decatur,Georgia,0.0
334,89,13,DeKalb,Georgia,42.0
335,91,13,Dodge,Georgia,0.0
336,95,13,Dougherty,Georgia,27.0
337,97,13,Douglas,Georgia,0.0
338,99,13,Early,Georgia,0.0
339,103,13,Effingham,Georgia,0.0
340,105,13,Elbert,Georgia,0.0
341,107,13,Emanuel,Georgia,0.0
342,109,13,Evans,Georgia,0.0
343,111,13,Fannin,Georgia,0.0
344,113,13,Fayette,Georgia,20.0
345,115,13,Floyd,Georgia,0.0
346,117,13,Forsyth,Georgia,0.0
347,119,13,Franklin,Georgia,0.0
348,127,13,Glynn,Georgia,0.0
349,129,13,Gordon,Georgia,0.0
350,131,13,Grady,Georgia,0.0
351,135,13,Gwinnett,Georgia,42.0
352,137,13,Habersham,Georgia,0.0
353,139,13,Hall,Georgia,0.0
354,143,13,Haralson,Georgia,0.0
355,151,13,Henry,Georgia,16.0
356,153,13,Houston,Georgia,0.0
357,155,13,Irwin,Georgia,0.0
358,157,13,Jackson,Georgia,0.0
359,159,13,Jasper,Georgia,0.0
360,161,13,Jeff Davis,Georgia,0.0
361,163,13,Jefferson,Georgia,0.0
362,173,13,Lanier,Georgia,0.0
363,175,13,Laurens,Georgia,0.0
364,179,13,Liberty,Georgia,0.0
365,185,13,Lowndes,Georgia,0.0
366,189,13,McDuffie,Georgia,0.0
367,193,13,Macon,Georgia,0.0
368,199,13,Meriwether,Georgia,0.0
369,201,13,Miller,Georgia,0.0
370,205,13,Mitchell,Georgia,0.0
371,207,13,Monroe,Georgia,0.0
372,213,13,Murray,Georgia,0.0
373,215,13,Muscogee,Georgia,39.0
374,217,13,Newton,Georgia,6.0
375,223,13,Paulding,Georgia,0.0
376,225,13,Peach,Georgia,0.0
377,227,13,Pickens,Georgia,0.0
378,233,13,Polk,Georgia,0.0
379,235,13,Pulaski,Georgia,0.0
380,133,13,Greene,Georgia,0.0
381,243,13,Randolph,Georgia,0.0
382,245,13,Richmond,Georgia,74.0
383,247,13,Rockdale,Georgia,0.0
384,253,13,Seminole,Georgia,0.0
385,255,13,Spalding,Georgia,0.0
386,257,13,Stephens,Georgia,0.0
387,261,13,Sumter,Georgia,0.0
388,275,13,Thomas,Georgia,0.0
389,277,13,Tift,Georgia,0.0
390,279,13,Toombs,Georgia,0.0
391,281,13,Towns,Georgia,0.0
392,285,13,Troup,Georgia,0.0
393,291,13,Union,Georgia,0.0
394,293,13,Upson,Georgia,0.0
395,297,13,Walton,Georgia,0.0
396,299,13,Ware,Georgia,6.0
397,303,13,Washington,Georgia,0.0
398,305,13,Wayne,Georgia,0.0
399,313,13,Whitfield,Georgia,0.0
400,317,13,Wilkes,Georgia,0.0
401,321,13,Worth,Georgia,0.0
402,1,15,Hawaii,Hawaii,0.0
403,3,15,Honolulu,Hawaii,18.0
404,7,15,Kauai,Hawaii,0.0
405,9,15,Maui,Hawaii,0.0
406,5,16,Bannock,Idaho,16.0
407,13,16,Blaine,Idaho,0.0
408,17,16,Bonner,Idaho,0.0
409,19,16,Bonneville,Idaho,26.0
410,27,16,Canyon,Idaho,8.0
411,31,16,Cassia,Idaho,0.0
412,55,16,Kootenai,Idaho,14.0
413,57,16,Latah,Idaho,0.0
414,59,16,Lemhi,Idaho,0.0
415,65,16,Madison,Idaho,14.0
416,69,16,Nez Perce,Idaho,0.0
417,83,16,Twin Falls,Idaho,18.0
418,1,17,Adams,Illinois,0.0
419,5,17,Bond,Illinois,0.0
420,11,17,Bureau,Illinois,0.0
421,19,17,Champaign,Illinois,25.0
422,21,17,Christian,Illinois,0.0
423,25,17,Clay,Illinois,0.0
424,27,17,Clinton,Illinois,0.0
425,29,17,Coles,Illinois,0.0
426,31,17,Cook,Illinois,531.0
427,33,17,Crawford,Illinois,0.0
428,37,17,DeKalb,Illinois,0.0
429,39,17,De Witt,Illinois,0.0
430,43,17,DuPage,Illinois,45.0
431,49,17,Effingham,Illinois,0.0
432,53,17,Ford,Illinois,0.0
433,57,17,Fulton,Illinois,0.0
434,61,17,Greene,Illinois,0.0
435,63,17,Grundy,Illinois,0.0
436,65,17,Hamilton,Illinois,0.0
437,69,17,Hardin,Illinois,0.0
438,73,17,Henry,Illinois,0.0
439,75,17,Iroquois,Illinois,0.0
440,77,17,Jackson,Illinois,13.0
441,81,17,Jefferson,Illinois,0.0
442,83,17,Jersey,Illinois,0.0
443,85,17,Jo Daviess,Illinois,0.0
444,89,17,Kane,Illinois,13.0
445,91,17,Kankakee,Illinois,0.0
446,95,17,Knox,Illinois,0.0
447,97,17,Lake,Illinois,0.0
448,99,17,LaSalle,Illinois,0.0
449,101,17,Lawrence,Illinois,0.0
450,103,17,Lee,Illinois,0.0
451,105,17,Livingston,Illinois,0.0
452,107,17,Logan,Illinois,0.0
453,109,17,McDonough,Illinois,0.0
454,111,17,McHenry,Illinois,0.0
455,113,17,McLean,Illinois,0.0
456,115,17,Macon,Illinois,0.0
457,117,17,Macoupin,Illinois,0.0
458,119,17,Madison,Illinois,0.0
459,121,17,Marion,Illinois,0.0
460,125,17,Mason,Illinois,0.0
461,135,17,Montgomery,Illinois,0.0
462,137,17,Morgan,Illinois,0.0
463,141,17,Ogle,Illinois,0.0
464,143,17,Peoria,Illinois,28.0
465,145,17,Perry,Illinois,0.0
466,147,17,Piatt,Illinois,0.0
467,149,17,Pike,Illinois,0.0
468,157,17,Randolph,Illinois,0.0
469,159,17,Richland,Illinois,0.0
470,161,17,Rock Island,Illinois,9.0
471,163,17,St. Clair,Illinois,0.0
472,165,17,Saline,Illinois,0.0
473,167,17,Sangamon,Illinois,43.0
474,169,17,Schuyler,Illinois,0.0
475,173,17,Shelby,Illinois,0.0
476,177,17,Stephenson,Illinois,0.0
477,179,17,Tazewell,Illinois,0.0
478,181,17,Union,Illinois,0.0
479,183,17,Vermilion,Illinois,0.0
480,45,17,Edgar,Illinois,0.0
481,185,17,Wabash,Illinois,0.0
482,187,17,Warren,Illinois,0.0
483,191,17,Wayne,Illinois,0.0
484,195,17,Whiteside,Illinois,0.0
485,197,17,Will,Illinois,0.0
486,199,17,Williamson,Illinois,0.0
487,201,17,Winnebago,Illinois,60.0
488,203,17,Woodford,Illinois,0.0
489,1,18,Adams,Indiana,0.0
490,3,18,Allen,Indiana,101.0
491,5,18,Bartholomew,Indiana,0.0
492,9,18,Blackford,Indiana,0.0
493,11,18,Boone,Indiana,0.0
494,17,18,Cass,Indiana,0.0
495,19,18,Clark,Indiana,0.0
496,21,18,Clay,Indiana,0.0
497,23,18,Clinton,Indiana,0.0
498,27,18,Daviess,Indiana,0.0
499,29,18,Dearborn,Indiana,0.0
500,31,18,Decatur,Indiana,0.0
501,33,18,DeKalb,Indiana,0.0
502,35,18,Delaware,Indiana,23.0
503,37,18,Dubois,Indiana,0.0
504,39,18,Elkhart,Indiana,8.0
505,43,18,Floyd,Indiana,0.0
506,51,18,Gibson,Indiana,0.0
507,53,18,Grant,Indiana,0.0
508,55,18,Greene,Indiana,0.0
509,57,18,Hamilton,Indiana,44.0
510,59,18,Hancock,Indiana,0.0
511,61,18,Harrison,Indiana,0.0
512,63,18,Hendricks,Indiana,0.0
513,65,18,Henry,Indiana,0.0
514,67,18,Howard,Indiana,0.0
515,69,18,Huntington,Indiana,0.0
516,71,18,Jackson,Indiana,0.0
517,73,18,Jasper,Indiana,0.0
518,75,18,Jay,Indiana,0.0
519,77,18,Jefferson,Indiana,0.0
520,79,18,Jennings,Indiana,0.0
521,81,18,Johnson,Indiana,0.0
522,83,18,Knox,Indiana,0.0
523,85,18,Kosciusko,Indiana,0.0
524,87,18,LaGrange,Indiana,0.0
525,89,18,Lake,Indiana,63.0
526,91,18,LaPorte,Indiana,0.0
527,93,18,Lawrence,Indiana,0.0
528,95,18,Madison,Indiana,0.0
529,97,18,Marion,Indiana,244.0
530,99,18,Marshall,Indiana,0.0
531,103,18,Miami,Indiana,0.0
532,105,18,Monroe,Indiana,18.0
533,107,18,Montgomery,Indiana,0.0
534,109,18,Morgan,Indiana,0.0
535,113,18,Noble,Indiana,0.0
536,123,18,Perry,Indiana,0.0
537,127,18,Porter,Indiana,14.0
538,133,18,Putnam,Indiana,0.0
539,135,18,Randolph,Indiana,0.0
540,137,18,Ripley,Indiana,0.0
541,139,18,Rush,Indiana,0.0
542,141,18,St. Joseph,Indiana,42.0
543,143,18,Scott,Indiana,0.0
544,145,18,Shelby,Indiana,0.0
545,149,18,Starke,Indiana,0.0
546,151,18,Steuben,Indiana,0.0
547,153,18,Sullivan,Indiana,0.0
548,157,18,Tippecanoe,Indiana,31.0
549,159,18,Tipton,Indiana,0.0
550,163,18,Vanderburgh,Indiana,40.0
551,165,18,Vermillion,Indiana,0.0
552,167,18,Vigo,Indiana,15.0
553,169,18,Wabash,Indiana,0.0
554,171,18,Warren,Indiana,0.0
555,173,18,Warrick,Indiana,0.0
556,175,18,Washington,Indiana,0.0
557,177,18,Wayne,Indiana,0.0
558,179,18,Wells,Indiana,0.0
559,181,18,White,Indiana,0.0
560,183,18,Whitley,Indiana,0.0
561,1,19,Adair,Iowa,0.0
562,3,19,Adams,Iowa,0.0
563,5,19,Allamakee,Iowa,0.0
564,7,19,Appanoose,Iowa,0.0
565,9,19,Audubon,Iowa,0.0
566,13,19,Black Hawk,Iowa,7.0
567,15,19,Boone,Iowa,0.0
568,17,19,Bremer,Iowa,0.0
569,19,19,Buchanan,Iowa,0.0
570,21,19,Buena Vista,Iowa,0.0
571,25,19,Calhoun,Iowa,0.0
572,27,19,Carroll,Iowa,0.0
573,29,19,Cass,Iowa,0.0
574,33,19,Cerro Gordo,Iowa,0.0
575,35,19,Cherokee,Iowa,0.0
576,37,19,Chickasaw,Iowa,0.0
577,39,19,Clarke,Iowa,0.0
578,41,19,Clay,Iowa,0.0
579,43,19,Clayton,Iowa,0.0
580,45,19,Clinton,Iowa,0.0
581,47,19,Crawford,Iowa,0.0
582,49,19,Dallas,Iowa,0.0
583,51,19,Davis,Iowa,0.0
584,53,19,Decatur,Iowa,0.0
585,55,19,Delaware,Iowa,0.0
586,57,19,Des Moines,Iowa,0.0
587,59,19,Dickinson,Iowa,0.0
588,61,19,Dubuque,Iowa,0.0
589,63,19,Emmet,Iowa,0.0
590,65,19,Fayette,Iowa,0.0
591,69,19,Franklin,Iowa,0.0
592,73,19,Greene,Iowa,0.0
593,75,19,Grundy,Iowa,0.0
594,77,19,Guthrie,Iowa,0.0
595,79,19,Hamilton,Iowa,0.0
596,81,19,Hancock,Iowa,0.0
597,83,19,Hardin,Iowa,0.0
598,85,19,Harrison,Iowa,0.0
599,87,19,Henry,Iowa,0.0
600,89,19,Howard,Iowa,0.0
601,93,19,Ida,Iowa,0.0
602,95,19,Iowa,Iowa,0.0
603,97,19,Jackson,Iowa,0.0
604,99,19,Jasper,Iowa,0.0
605,101,19,Jefferson,Iowa,0.0
606,103,19,Johnson,Iowa,116.0
607,105,19,Jones,Iowa,0.0
608,109,19,Kossuth,Iowa,0.0
609,111,19,Lee,Iowa,0.0
610,113,19,Linn,Iowa,32.0
611,117,19,Lucas,Iowa,0.0
612,121,19,Madison,Iowa,0.0
613,123,19,Mahaska,Iowa,0.0
614,125,19,Marion,Iowa,0.0
615,127,19,Marshall,Iowa,0.0
616,133,19,Monona,Iowa,0.0
617,135,19,Monroe,Iowa,0.0
618,137,19,Montgomery,Iowa,0.0
619,139,19,Muscatine,Iowa,0.0
620,141,19,O'Brien,Iowa,0.0
621,143,19,Osceola,Iowa,0.0
622,145,19,Page,Iowa,0.0
623,147,19,Palo Alto,Iowa,0.0
624,149,19,Plymouth,Iowa,0.0
625,153,19,Polk,Iowa,91.0
626,155,19,Pottawattamie,Iowa,0.0
627,157,19,Poweshiek,Iowa,0.0
628,159,19,Ringgold,Iowa,0.0
629,163,19,Scott,Iowa,6.0
630,165,19,Shelby,Iowa,0.0
631,167,19,Sioux,Iowa,0.0
632,169,19,Story,Iowa,0.0
633,175,19,Union,Iowa,0.0
634,177,19,Van Buren,Iowa,0.0
635,179,19,Wapello,Iowa,0.0
636,183,19,Washington,Iowa,0.0
637,185,19,Wayne,Iowa,0.0
638,187,19,Webster,Iowa,0.0
639,191,19,Winneshiek,Iowa,0.0
640,193,19,Woodbury,Iowa,20.0
641,197,19,Wright,Iowa,0.0
642,1,20,Allen,Kansas,0.0
643,3,20,Anderson,Kansas,0.0
644,5,20,Atchison,Kansas,0.0
645,7,20,Barber,Kansas,0.0
646,9,20,Barton,Kansas,0.0
647,13,20,Brown,Kansas,0.0
648,15,20,Butler,Kansas,0.0
649,19,20,Chautauqua,Kansas,0.0
650,23,20,Cheyenne,Kansas,0.0
651,25,20,Clark,Kansas,0.0
652,27,20,Clay,Kansas,0.0
653,29,20,Cloud,Kansas,0.0
654,31,20,Coffey,Kansas,0.0
655,33,20,Comanche,Kansas,0.0
656,35,20,Cowley,Kansas,0.0
657,37,20,Crawford,Kansas,0.0
658,41,20,Dickinson,Kansas,0.0
659,45,20,Douglas,Kansas,0.0
660,47,20,Edwards,Kansas,0.0
661,51,20,Ellis,Kansas,0.0
662,53,20,Ellsworth,Kansas,0.0
663,55,20,Finney,Kansas,7.0
664,57,20,Ford,Kansas,0.0
665,59,20,Franklin,Kansas,0.0
666,61,20,Geary,Kansas,0.0
667,63,20,Gove,Kansas,0.0
668,65,20,Graham,Kansas,0.0
669,67,20,Grant,Kansas,0.0
670,71,20,Greeley,Kansas,0.0
671,73,20,Greenwood,Kansas,0.0
672,75,20,Hamilton,Kansas,0.0
673,79,20,Harvey,Kansas,0.0
674,83,20,Hodgeman,Kansas,0.0
675,85,20,Jackson,Kansas,0.0
676,87,20,Jefferson,Kansas,0.0
677,89,20,Jewell,Kansas,0.0
678,91,20,Johnson,Kansas,105.0
679,93,20,Kearny,Kansas,0.0
680,95,20,Kingman,Kansas,0.0
681,99,20,Labette,Kansas,0.0
682,103,20,Leavenworth,Kansas,0.0
683,111,20,Lyon,Kansas,0.0
684,113,20,McPherson,Kansas,0.0
685,115,20,Marion,Kansas,0.0
686,119,20,Meade,Kansas,0.0
687,121,20,Miami,Kansas,0.0
688,123,20,Mitchell,Kansas,0.0
689,125,20,Montgomery,Kansas,0.0
690,127,20,Morris,Kansas,0.0
691,129,20,Morton,Kansas,0.0
692,131,20,Nemaha,Kansas,0.0
693,133,20,Neosho,Kansas,0.0
694,135,20,Ness,Kansas,0.0
695,137,20,Norton,Kansas,0.0
696,141,20,Osborne,Kansas,0.0
697,143,20,Ottawa,Kansas,0.0
698,147,20,Phillips,Kansas,0.0
699,149,20,Pottawatomie,Kansas,0.0
700,151,20,Pratt,Kansas,0.0
701,155,20,Reno,Kansas,0.0
702,157,20,Republic,Kansas,0.0
703,161,20,Riley,Kansas,0.0
704,167,20,Russell,Kansas,0.0
705,169,20,Saline,Kansas,14.0
706,171,20,Scott,Kansas,0.0
707,173,20,Sedgwick,Kansas,67.0
708,175,20,Seward,Kansas,0.0
709,177,20,Shawnee,Kansas,40.0
710,179,20,Sheridan,Kansas,0.0
711,181,20,Sherman,Kansas,0.0
712,183,20,Smith,Kansas,0.0
713,195,20,Trego,Kansas,0.0
714,201,20,Washington,Kansas,0.0
715,203,20,Wichita,Kansas,0.0
716,205,20,Wilson,Kansas,0.0
717,209,20,Wyandotte,Kansas,38.0
718,3,21,Allen,Kentucky,0.0
719,9,21,Barren,Kentucky,4.0
720,13,21,Bell,Kentucky,0.0
721,15,21,Boone,Kentucky,0.0
722,17,21,Bourbon,Kentucky,0.0
723,19,21,Boyd,Kentucky,13.0
724,21,21,Boyle,Kentucky,0.0
725,25,21,Breathitt,Kentucky,0.0
726,27,21,Breckinridge,Kentucky,0.0
727,33,21,Caldwell,Kentucky,0.0
728,35,21,Calloway,Kentucky,0.0
729,37,21,Campbell,Kentucky,0.0
730,41,21,Carroll,Kentucky,0.0
731,45,21,Casey,Kentucky,0.0
732,47,21,Christian,Kentucky,4.0
733,49,21,Clark,Kentucky,0.0
734,51,21,Clay,Kentucky,0.0
735,53,21,Clinton,Kentucky,0.0
736,55,21,Crittenden,Kentucky,0.0
737,57,21,Cumberland,Kentucky,0.0
738,59,21,Daviess,Kentucky,16.0
739,65,21,Estill,Kentucky,0.0
740,67,21,Fayette,Kentucky,0.0
741,69,21,Fleming,Kentucky,0.0
742,71,21,Floyd,Kentucky,0.0
743,73,21,Franklin,Kentucky,4.0
744,81,21,Grant,Kentucky,0.0
745,83,21,Graves,Kentucky,0.0
746,85,21,Grayson,Kentucky,0.0
747,87,21,Green,Kentucky,0.0
748,93,21,Hardin,Kentucky,0.0
749,95,21,Harlan,Kentucky,0.0
750,97,21,Harrison,Kentucky,0.0
751,99,21,Hart,Kentucky,0.0
752,101,21,Henderson,Kentucky,15.0
753,107,21,Hopkins,Kentucky,6.0
754,111,21,Jefferson,Kentucky,169.0
755,115,21,Johnson,Kentucky,0.0
756,117,21,Kenton,Kentucky,25.0
757,235,21,Whitley,Kentucky,0.0
758,121,21,Knox,Kentucky,0.0
759,125,21,Laurel,Kentucky,0.0
760,127,21,Lawrence,Kentucky,0.0
761,131,21,Leslie,Kentucky,0.0
762,133,21,Letcher,Kentucky,0.0
763,137,21,Lincoln,Kentucky,0.0
764,139,21,Livingston,Kentucky,0.0
765,141,21,Logan,Kentucky,0.0
766,145,21,McCracken,Kentucky,0.0
767,151,21,Madison,Kentucky,0.0
768,155,21,Marion,Kentucky,0.0
769,157,21,Marshall,Kentucky,0.0
770,161,21,Mason,Kentucky,0.0
771,167,21,Mercer,Kentucky,0.0
772,171,21,Monroe,Kentucky,0.0
773,173,21,Montgomery,Kentucky,0.0
774,175,21,Morgan,Kentucky,0.0
775,177,21,Muhlenberg,Kentucky,0.0
776,179,21,Nelson,Kentucky,0.0
777,183,21,Ohio,Kentucky,0.0
778,185,21,Oldham,Kentucky,0.0
779,193,21,Perry,Kentucky,0.0
780,195,21,Pike,Kentucky,0.0
781,199,21,Pulaski,Kentucky,0.0
782,203,21,Rockcastle,Kentucky,0.0
783,205,21,Rowan,Kentucky,0.0
784,207,21,Russell,Kentucky,0.0
785,209,21,Scott,Kentucky,0.0
786,211,21,Shelby,Kentucky,0.0
787,213,21,Simpson,Kentucky,0.0
788,217,21,Taylor,Kentucky,0.0
789,221,21,Trigg,Kentucky,0.0
790,225,21,Union,Kentucky,0.0
791,227,21,Warren,Kentucky,12.0
792,231,21,Wayne,Kentucky,0.0
793,239,21,Woodford,Kentucky,0.0
794,1,22,Acadia,Louisiana,0.0
795,3,22,Allen,Louisiana,0.0
796,5,22,Ascension,Louisiana,0.0
797,7,22,Assumption,Louisiana,0.0
798,9,22,Avoyelles,Louisiana,0.0
799,11,22,Beauregard,Louisiana,4.0
800,13,22,Bienville,Louisiana,0.0
801,15,22,Bossier,Louisiana,0.0
802,19,22,Calcasieu,Louisiana,43.0
803,21,22,Caldwell,Louisiana,0.0
804,23,22,Cameron,Louisiana,0.0
805,27,22,Claiborne,Louisiana,0.0
806,31,22,De Soto,Louisiana,0.0
807,33,22,East Baton Rouge,Louisiana,118.0
808,35,22,East Carroll,Louisiana,0.0
809,37,22,East Feliciana,Louisiana,0.0
810,39,22,Evangeline,Louisiana,0.0
811,41,22,Franklin,Louisiana,0.0
812,45,22,Iberia,Louisiana,0.0
813,49,22,Jackson,Louisiana,0.0
814,51,22,Jefferson,Louisiana,111.0
815,53,22,Jefferson Davis,Louisiana,0.0
816,55,22,Lafayette,Louisiana,95.0
817,57,22,Lafourche,Louisiana,0.0
818,59,22,La Salle,Louisiana,0.0
819,61,22,Lincoln,Louisiana,11.0
820,67,22,Morehouse,Louisiana,0.0
821,69,22,Natchitoches,Louisiana,0.0
822,71,22,Orleans,Louisiana,75.0
823,73,22,Ouachita,Louisiana,60.0
824,77,22,Pointe Coupee,Louisiana,0.0
825,79,22,Rapides,Louisiana,55.0
826,83,22,Richland,Louisiana,0.0
827,85,22,Sabine,Louisiana,0.0
828,89,22,St. Charles,Louisiana,0.0
829,93,22,St. James,Louisiana,0.0
830,97,22,St. Landry,Louisiana,0.0
831,101,22,St. Mary,Louisiana,0.0
832,103,22,St. Tammany,Louisiana,28.0
833,105,22,Tangipahoa,Louisiana,14.0
834,109,22,Terrebonne,Louisiana,8.0
835,111,22,Union,Louisiana,0.0
836,113,22,Vermilion,Louisiana,0.0
837,115,22,Vernon,Louisiana,0.0
838,117,22,Washington,Louisiana,0.0
839,119,22,Webster,Louisiana,2.0
840,123,22,West Carroll,Louisiana,0.0
841,125,22,West Feliciana,Louisiana,0.0
842,127,22,Winn,Louisiana,0.0
843,1,23,Androscoggin,Maine,11.0
844,3,23,Aroostook,Maine,0.0
845,5,23,Cumberland,Maine,31.0
846,7,23,Franklin,Maine,0.0
847,9,23,Hancock,Maine,0.0
848,13,23,Knox,Maine,0.0
849,15,23,Lincoln,Maine,0.0
850,17,23,Oxford,Maine,0.0
851,19,23,Penobscot,Maine,23.0
852,21,23,Piscataquis,Maine,0.0
853,25,23,Somerset,Maine,0.0
854,27,23,Waldo,Maine,0.0
855,29,23,Washington,Maine,0.0
856,31,23,York,Maine,0.0
857,1,24,Allegany,Maryland,0.0
858,3,24,Anne Arundel,Maryland,30.0
859,5,24,Baltimore County,Maryland,50.0
860,9,24,Calvert,Maryland,0.0
861,13,24,Carroll,Maryland,0.0
862,15,24,Cecil,Maryland,0.0
863,17,24,Charles,Maryland,0.0
864,21,24,Frederick,Maryland,15.0
865,23,24,Garrett,Maryland,0.0
866,25,24,Harford,Maryland,0.0
867,27,24,Howard,Maryland,0.0
868,29,24,Kent,Maryland,0.0
869,31,24,Montgomery,Maryland,46.0
870,33,24,Prince George's,Maryland,15.0
871,37,24,St. Mary's,Maryland,0.0
872,41,24,Talbot,Maryland,0.0
873,43,24,Washington,Maryland,0.0
874,45,24,Wicomico,Maryland,0.0
875,47,24,Worcester,Maryland,0.0
876,1,25,Barnstable,Massachusetts,0.0
877,3,25,Berkshire,Massachusetts,0.0
878,5,25,Bristol,Massachusetts,16.0
879,7,25,Dukes,Massachusetts,0.0
880,9,25,Essex,Massachusetts,0.0
881,11,25,Franklin,Massachusetts,0.0
882,13,25,Hampden,Massachusetts,55.0
883,19,25,Nantucket,Massachusetts,0.0
884,21,25,Norfolk,Massachusetts,0.0
885,23,25,Plymouth,Massachusetts,0.0
886,25,25,Suffolk,Massachusetts,120.0
887,27,25,Worcester,Massachusetts,27.0
888,5,26,Allegan,Michigan,0.0
889,7,26,Alpena,Michigan,0.0
890,11,26,Arenac,Michigan,0.0
891,15,26,Barry,Michigan,0.0
892,17,26,Bay,Michigan,0.0
893,19,26,Benzie,Michigan,0.0
894,21,26,Berrien,Michigan,0.0
895,23,26,Branch,Michigan,0.0
896,25,26,Calhoun,Michigan,0.0
897,27,26,Cass,Michigan,0.0
898,33,26,Chippewa,Michigan,0.0
899,35,26,Clare,Michigan,0.0
900,37,26,Clinton,Michigan,0.0
901,39,26,Crawford,Michigan,0.0
902,41,26,Delta,Michigan,0.0
903,43,26,Dickinson,Michigan,0.0
904,45,26,Eaton,Michigan,0.0
905,47,26,Emmet,Michigan,0.0
906,49,26,Genesee,Michigan,44.0
907,51,26,Gladwin,Michigan,0.0
908,53,26,Gogebic,Michigan,0.0
909,55,26,Grand Traverse,Michigan,0.0
910,57,26,Gratiot,Michigan,0.0
911,59,26,Hillsdale,Michigan,0.0
912,61,26,Houghton,Michigan,0.0
913,63,26,Huron,Michigan,0.0
914,65,26,Ingham,Michigan,33.0
915,67,26,Ionia,Michigan,0.0
916,69,26,Iosco,Michigan,0.0
917,71,26,Iron,Michigan,0.0
918,73,26,Isabella,Michigan,0.0
919,75,26,Jackson,Michigan,0.0
920,77,26,Kalamazoo,Michigan,53.0
921,81,26,Kent,Michigan,111.0
922,117,26,Montcalm,Michigan,0.0
923,87,26,Lapeer,Michigan,0.0
924,91,26,Lenawee,Michigan,0.0
925,93,26,Livingston,Michigan,0.0
926,99,26,Macomb,Michigan,0.0
927,101,26,Manistee,Michigan,0.0
928,103,26,Marquette,Michigan,11.0
929,105,26,Mason,Michigan,0.0
930,107,26,Mecosta,Michigan,0.0
931,111,26,Midland,Michigan,0.0
932,115,26,Monroe,Michigan,0.0
933,121,26,Muskegon,Michigan,0.0
934,123,26,Newaygo,Michigan,0.0
935,125,26,Oakland,Michigan,44.0
936,129,26,Ogemaw,Michigan,0.0
937,133,26,Osceola,Michigan,0.0
938,137,26,Otsego,Michigan,0.0
939,139,26,Ottawa,Michigan,0.0
940,145,26,Saginaw,Michigan,0.0
941,147,26,St. Clair,Michigan,0.0
942,149,26,St. Joseph,Michigan,0.0
943,151,26,Sanilac,Michigan,0.0
944,153,26,Schoolcraft,Michigan,0.0
945,155,26,Shiawassee,Michigan,0.0
946,157,26,Tuscola,Michigan,0.0
947,159,26,Van Buren,Michigan,0.0
948,161,26,Washtenaw,Michigan,0.0
949,163,26,Wayne,Michigan,190.0
950,165,26,Wexford,Michigan,0.0
951,1,27,Aitkin,Minnesota,0.0
952,3,27,Anoka,Minnesota,0.0
953,5,27,Becker,Minnesota,0.0
954,7,27,Beltrami,Minnesota,0.0
955,29,27,Clearwater,Minnesota,0.0
956,11,27,Big Stone,Minnesota,0.0
957,13,27,Blue Earth,Minnesota,0.0
958,15,27,Brown,Minnesota,0.0
959,17,27,Carlton,Minnesota,0.0
960,19,27,Carver,Minnesota,0.0
961,21,27,Cass,Minnesota,0.0
962,23,27,Chippewa,Minnesota,0.0
963,25,27,Chisago,Minnesota,0.0
964,33,27,Cottonwood,Minnesota,0.0
965,35,27,Crow Wing,Minnesota,0.0
966,37,27,Dakota,Minnesota,0.0
967,41,27,Douglas,Minnesota,0.0
968,43,27,Faribault,Minnesota,0.0
969,47,27,Freeborn,Minnesota,0.0
970,49,27,Goodhue,Minnesota,0.0
971,51,27,Grant,Minnesota,0.0
